{
    "loss": 0.3002428114414215,
    "accuracy": 0.8839550018310547
}